Destrieux-2009,38,G_temporal_middle,472,11.4,305,7.4,167,4
Destrieux-2009,34,G_temp_sup-Lateral,382,9.2,241,5.8,141,3.4
Destrieux-2009,37,G_temporal_inf,381,9.2,250,6,131,3.2
Destrieux-2009,15,G_front_middle,227,5.5,91,2.2,136,3.3
Destrieux-2009,44,Pole_temporal,217,5.2,127,3.1,90,2.2
Destrieux-2009,26,G_pariet_inf-Supramar,195,4.7,94,2.3,101,2.4
Destrieux-2009,21,G_oc-temp_lat-fusifor,176,4.2,124,3,52,1.3
Destrieux-2009,24,G_orbital,159,3.8,105,2.5,54,1.3
Destrieux-2009,29,G_precentral,159,3.8,67,1.6,92,2.2
Destrieux-2009,23,G_oc-temp_med-Parahip,158,3.8,117,2.8,41,1
Destrieux-2009,16,G_front_sup,141,3.4,22,0.5,119,2.9
Destrieux-2009,12,G_front_inf-Opercular,121,2.9,62,1.5,59,1.4
Destrieux-2009,28,G_postcentral,119,2.9,46,1.1,73,1.8
Destrieux-2009,25,G_pariet_inf-Angular,115,2.8,39,0.9,76,1.8
Destrieux-2009,22,G_oc-temp_med-Lingual,108,2.6,46,1.1,62,1.5
Destrieux-2009,14,G_front_inf-Triangul,102,2.5,67,1.6,35,0.8
Destrieux-2009,19,G_occipital_middle,100,2.4,53,1.3,47,1.1
Destrieux-2009,4,G_and_S_subcentral,97,2.3,52,1.3,45,1.1
Destrieux-2009,30,G_precuneus,78,1.9,36,0.9,42,1
Destrieux-2009,2,G_and_S_occipital_inf,70,1.7,36,0.9,34,0.8
Destrieux-2009,43,Pole_occipital,66,1.6,19,0.5,47,1.1
Destrieux-2009,11,G_cuneus,47,1.1,8,0.2,39,0.9
Destrieux-2009,27,G_parietal_sup,36,0.9,15,0.4,21,0.5
Destrieux-2009,9,G_cingul-Post-dorsal,30,0.7,16,0.4,14,0.3
Destrieux-2009,20,G_occipital_sup,30,0.7,10,0.2,20,0.5
Destrieux-2009,13,G_front_inf-Orbital,28,0.7,10,0.2,18,0.4
Destrieux-2009,0,Unknown,27,0.7,15,0.4,12,0.3
Destrieux-2009,65,S_orbital-H_Shaped,27,0.7,17,0.4,10,0.2
Destrieux-2009,53,S_front_inf,25,0.6,10,0.2,15,0.4
Destrieux-2009,74,S_temporal_sup,24,0.6,12,0.3,12,0.3
Destrieux-2009,5,G_and_S_transv_frontopol,23,0.6,10,0.2,13,0.3
Destrieux-2009,31,G_rectus,23,0.6,11,0.3,12,0.3
Destrieux-2009,51,S_collat_transv_ant,20,0.5,13,0.3,7,0.2
Destrieux-2009,1,G_and_S_frontomargin,16,0.4,12,0.3,4,0.1
Destrieux-2009,36,G_temp_sup-Plan_tempo,16,0.4,13,0.3,3,0.1
Destrieux-2009,3,G_and_S_paracentral,11,0.3,0,0,11,0.3
Destrieux-2009,10,G_cingul-Post-ventral,11,0.3,4,0.1,7,0.2
Destrieux-2009,7,G_and_S_cingul-Mid-Ant,10,0.2,0,0,10,0.2
Destrieux-2009,8,G_and_S_cingul-Mid-Post,10,0.2,0,0,10,0.2
Destrieux-2009,55,S_front_sup,8,0.2,1,0,7,0.2
Destrieux-2009,62,S_oc-temp_med_and_Lingual,8,0.2,6,0.1,2,0
Destrieux-2009,72,S_subparietal,7,0.2,0,0,7,0.2
Destrieux-2009,61,S_oc-temp_lat,6,0.1,4,0.1,2,0
Destrieux-2009,73,S_temporal_inf,6,0.1,5,0.1,1,0
Destrieux-2009,6,G_and_S_cingul-Ant,5,0.1,0,0,5,0.1
Destrieux-2009,54,S_front_middle,5,0.1,3,0.1,2,0
Destrieux-2009,57,S_intrapariet_and_P_trans,5,0.1,0,0,5,0.1
Destrieux-2009,68,S_postcentral,5,0.1,1,0,4,0.1
Destrieux-2009,69,S_precentral-inf-part,5,0.1,1,0,4,0.1
Destrieux-2009,42,Medial_wall,4,0.1,4,0.1,0,0
Destrieux-2009,56,S_interm_prim-Jensen,3,0.1,1,0,2,0
Destrieux-2009,60,S_occipital_ant,3,0.1,1,0,2,0
Destrieux-2009,64,S_orbital_med-olfact,3,0.1,2,0,1,0
Destrieux-2009,47,S_cingul-Marginalis,2,0,0,0,2,0
Destrieux-2009,52,S_collat_transv_post,2,0,0,0,2,0
Destrieux-2009,58,S_oc_middle_and_Lunatus,2,0,1,0,1,0
Destrieux-2009,59,S_oc_sup_and_transversal,2,0,0,0,2,0
Destrieux-2009,35,G_temp_sup-Plan_polar,1,0,0,0,1,0
Destrieux-2009,45,S_calcarine,1,0,0,0,1,0
Destrieux-2009,66,S_parieto_occipital,1,0,1,0,0,0
Destrieux-2009,67,S_pericallosal,1,0,0,0,1,0
Destrieux-2009,17,G_Ins_lg_and_S_cent_ins,0,0,0,0,0,0
Destrieux-2009,18,G_insular_short,0,0,0,0,0,0
Destrieux-2009,32,G_subcallosal,0,0,0,0,0,0
Destrieux-2009,33,G_temp_sup-G_T_transv,0,0,0,0,0,0
Destrieux-2009,39,Lat_Fis-ant-Horizont,0,0,0,0,0,0
Destrieux-2009,40,Lat_Fis-ant-Vertical,0,0,0,0,0,0
Destrieux-2009,41,Lat_Fis-post,0,0,0,0,0,0
Destrieux-2009,46,S_central,0,0,0,0,0,0
Destrieux-2009,48,S_circular_insula_ant,0,0,0,0,0,0
Destrieux-2009,49,S_circular_insula_inf,0,0,0,0,0,0
Destrieux-2009,50,S_circular_insula_sup,0,0,0,0,0,0
Destrieux-2009,63,S_orbital_lateral,0,0,0,0,0,0
Destrieux-2009,70,S_precentral-sup-part,0,0,0,0,0,0
Destrieux-2009,71,S_suborbital,0,0,0,0,0,0
Destrieux-2009,75,S_temporal_transverse,0,0,0,0,0,0
Desikan-Killiany,15,middletemporal,503,12.1,323,7.8,180,4.3
Desikan-Killiany,9,inferiortemporal,414,10,274,6.6,140,3.4
Desikan-Killiany,30,superiortemporal,413,10,258,6.2,155,3.7
Desikan-Killiany,7,fusiform,272,6.6,187,4.5,85,2.1
Desikan-Killiany,27,rostralmiddlefrontal,245,5.9,113,2.7,132,3.2
Desikan-Killiany,31,supramarginal,214,5.2,104,2.5,110,2.7
Desikan-Killiany,24,precentral,213,5.1,91,2.2,122,2.9
Desikan-Killiany,22,postcentral,197,4.8,85,2.1,112,2.7
Desikan-Killiany,11,lateraloccipital,193,4.7,95,2.3,98,2.4
Desikan-Killiany,28,superiorfrontal,143,3.5,28,0.7,115,2.8
Desikan-Killiany,8,inferiorparietal,142,3.4,50,1.2,92,2.2
Desikan-Killiany,18,parsopercularis,125,3,72,1.7,53,1.3
Desikan-Killiany,12,lateralorbitofrontal,121,2.9,78,1.9,43,1
Desikan-Killiany,13,lingual,119,2.9,44,1.1,75,1.8
Desikan-Killiany,6,entorhinal,98,2.4,71,1.7,27,0.7
Desikan-Killiany,33,temporalpole,91,2.2,47,1.1,44,1.1
Desikan-Killiany,20,parstriangularis,85,2.1,53,1.3,32,0.8
Desikan-Killiany,25,precuneus,81,2,35,0.8,46,1.1
Desikan-Killiany,19,parsorbitalis,75,1.8,42,1,33,0.8
Desikan-Killiany,29,superiorparietal,71,1.7,21,0.5,50,1.2
Desikan-Killiany,16,parahippocampal,61,1.5,52,1.3,9,0.2
Desikan-Killiany,3,caudalmiddlefrontal,60,1.4,19,0.5,41,1
Desikan-Killiany,5,cuneus,46,1.1,8,0.2,38,0.9
Desikan-Killiany,10,isthmuscingulate,29,0.7,14,0.3,15,0.4
Desikan-Killiany,14,medialorbitofrontal,28,0.7,12,0.3,16,0.4
Desikan-Killiany,17,paracentral,24,0.6,0,0,24,0.6
Desikan-Killiany,23,posteriorcingulate,21,0.5,7,0.2,14,0.3
Desikan-Killiany,32,frontalpole,16,0.4,7,0.2,9,0.2
Desikan-Killiany,1,bankssts,11,0.3,6,0.1,5,0.1
Desikan-Killiany,0,unknown,10,0.2,5,0.1,5,0.1
Desikan-Killiany,2,caudalanteriorcingulate,8,0.2,2,0,6,0.1
Desikan-Killiany,21,pericalcarine,8,0.2,0,0,8,0.2
Desikan-Killiany,4,corpuscallosum,3,0.1,3,0.1,0,0
Desikan-Killiany,26,rostralanteriorcingulate,2,0,0,0,2,0
Desikan-Killiany,34,transversetemporal,0,0,0,0,0,0
Desikan-Killiany,35,insula,0,0,0,0,0,0
Brodmann,29,Brodmann.22,640,15.5,447,10.8,193,4.7
Brodmann,38,Brodmann.20,333,8,240,5.8,93,2.2
Brodmann,35,Brodmann.37,292,7,166,4,126,3
Brodmann,32,Brodmann.21,285,6.9,173,4.2,112,2.7
Brodmann,24,Brodmann.19,240,5.8,117,2.8,123,3
Brodmann,45,Brodmann.11,223,5.4,138,3.3,85,2.1
Brodmann,14,Brodmann.40,219,5.3,105,2.5,114,2.8
Brodmann,33,Brodmann.38,204,4.9,106,2.6,98,2.4
Brodmann,48,Brodmann.18,145,3.5,49,1.2,96,2.3
Brodmann,4,Brodmann.4,130,3.1,41,1,89,2.1
Brodmann,46,Brodmann.46,126,3,58,1.4,68,1.6
Brodmann,3,Brodmann.6,121,2.9,48,1.2,73,1.8
Brodmann,43,Brodmann.10,93,2.2,43,1,50,1.2
Brodmann,16,Brodmann.45,88,2.1,49,1.2,39,0.9
Brodmann,19,Brodmann.39,86,2.1,45,1.1,41,1
Brodmann,10,Brodmann.7,85,2.1,42,1,43,1
Brodmann,5,Brodmann.9,84,2,23,0.6,61,1.5
Brodmann,8,Brodmann.1,83,2,29,0.7,54,1.3
Brodmann,2,Brodmann.8,77,1.9,14,0.3,63,1.5
Brodmann,20,Brodmann.43,77,1.9,26,0.6,51,1.2
Brodmann,15,Brodmann.44,76,1.8,41,1,35,0.8
Brodmann,11,Brodmann.2,70,1.7,44,1.1,26,0.6
Brodmann,0,???,67,1.6,31,0.7,36,0.9
Brodmann,47,Brodmann.17,52,1.3,12,0.3,40,1
Brodmann,26,Brodmann.47,50,1.2,29,0.7,21,0.5
Brodmann,18,Brodmann.23,41,1,18,0.4,23,0.6
Brodmann,12,Brodmann.31,36,0.9,15,0.4,21,0.5
Brodmann,50,Brodmann.36,33,0.8,25,0.6,8,0.2
Brodmann,42,Brodmann.24,21,0.5,2,0,19,0.5
Brodmann,9,Brodmann.5,19,0.5,4,0.1,15,0.4
Brodmann,41,Brodmann.32,8,0.2,5,0.1,3,0.1
Brodmann,51,Brodmann.35,8,0.2,6,0.1,2,0
Brodmann,49,Brodmann.27,7,0.2,3,0.1,4,0.1
Brodmann,53,Brodmann.29,7,0.2,2,0,5,0.1
Brodmann,64,MEDIAL.WALL,6,0.1,4,0.1,2,0
Brodmann,28,Brodmann.30,4,0.1,4,0.1,0,0
Brodmann,54,Brodmann.26,4,0.1,2,0,2,0
Brodmann,30,Brodmann.42,2,0,0,0,2,0
Brodmann,1,LOBE.FRONTAL,0,0,0,0,0,0
Brodmann,6,LOBE.PARIETAL,0,0,0,0,0,0
Brodmann,7,Brodmann.3,0,0,0,0,0,0
Brodmann,13,LOBE.LIMBIC,0,0,0,0,0,0
Brodmann,17,VISION,0,0,0,0,0,0
Brodmann,21,LOBE.TEMPORAL,0,0,0,0,0,0
Brodmann,22,LOBE.OCCIPITAL,0,0,0,0,0,0
Brodmann,23,Visuotopic.V3A,0,0,0,0,0,0
Brodmann,25,Visuotopic.V3,0,0,0,0,0,0
Brodmann,27,Brodmann.41,0,0,0,0,0,0
Brodmann,31,Visuotopic.V2d,0,0,0,0,0,0
Brodmann,34,Visuotopic.V1d,0,0,0,0,0,0
Brodmann,36,Visuotopic.V1v,0,0,0,0,0,0
Brodmann,37,Visuotopic.V2v,0,0,0,0,0,0
Brodmann,39,Visuotopic.VP,0,0,0,0,0,0
Brodmann,40,Visuotopic.V4v,0,0,0,0,0,0
Brodmann,44,Brodmann.25,0,0,0,0,0,0
Brodmann,52,Brodmann.28,0,0,0,0,0,0
Brodmann,55,COGNITIVE,0,0,0,0,0,0
Brodmann,56,MOTOR,0,0,0,0,0,0
Brodmann,57,SOMATOSENSORY,0,0,0,0,0,0
Brodmann,58,UNKNOWN,0,0,0,0,0,0
Brodmann,59,LANGUAGE,0,0,0,0,0,0
Brodmann,60,AUDITORY,0,0,0,0,0,0
Brodmann,61,CML,0,0,0,0,0,0
Brodmann,62,EMOTION,0,0,0,0,0,0
Brodmann,63,OLFACTORY,0,0,0,0,0,0
Brodmann,65,Visuotopic.V8,0,0,0,0,0,0
Brodmann,66,Visuotopic.MTplus,0,0,0,0,0,0
Brodmann,67,Brodmann.33,0,0,0,0,0,0
Brodmann,68,Visuotopic.V7,0,0,0,0,0,0
Brodmann,69,NonVisuotopic,0,0,0,0,0,0
Brodmann,70,GUSTATORY,0,0,0,0,0,0
Brodmann,71,Visuotopic.LO,0,0,0,0,0,0
Brodmann,72,OngurEtAl_03_13b,0,0,0,0,0,0
Brodmann,73,OngurEtAl_03_13l,0,0,0,0,0,0
Brodmann,74,OngurEtAl_03_13m,0,0,0,0,0,0
Brodmann,75,OngurEtAl_03_14r,0,0,0,0,0,0
Brodmann,76,OngurEtAl_03_10m,0,0,0,0,0,0
Brodmann,77,OngurEtAl_03_25,0,0,0,0,0,0
Brodmann,78,OngurEtAl_03_10r,0,0,0,0,0,0
Brodmann,79,OngurEtAl_03_11m,0,0,0,0,0,0
Brodmann,80,OngurEtAl_03_11l,0,0,0,0,0,0
Brodmann,81,OngurEtAl_03_14c,0,0,0,0,0,0
Brodmann,82,OngurEtAl_03_13a,0,0,0,0,0,0
Brodmann,83,OngurEtAl_03_47r,0,0,0,0,0,0
Brodmann,84,OngurEtAl_03_47m,0,0,0,0,0,0
Brodmann,85,OngurEtAl_03_47l,0,0,0,0,0,0
Brodmann,86,OngurEtAl_03_47s,0,0,0,0,0,0
Brodmann,87,OngurEtAl_03_Iai,0,0,0,0,0,0
Brodmann,88,OngurEtAl_03_Iam,0,0,0,0,0,0
Brodmann,89,OngurEtAl_03_Ial,0,0,0,0,0,0
Brodmann,90,OngurEtAl_03_G,0,0,0,0,0,0
Brodmann,91,OngurEtAl_03_10l,0,0,0,0,0,0
Brodmann,92,OngurEtAl_03_24,0,0,0,0,0,0
Brodmann,93,OngurEtAl_03_10p,0,0,0,0,0,0
Brodmann,94,CON_deeper_than_WS_t_2,0,0,0,0,0,0
Brodmann,95,ASP_deeper,0,0,0,0,0,0
Brodmann,96,LFA_deeper,0,0,0,0,0,0
Brodmann,97,LFA_gyral_thresh_0.25,0,0,0,0,0,0
Brodmann,98,LFA_gyral_thresh_1.0,0,0,0,0,0,0
Brodmann,99,HFA_deeper,0,0,0,0,0,0
Brodmann,100,HFA_gyral,0,0,0,0,0,0
Brodmann,101,CON_deeper_than_WS_t_3_pIPS_Left,0,0,0,0,0,0
Brodmann,102,CON_deeper_than_WS_t_3_CaS_Left,0,0,0,0,0,0
Brodmann,103,CON_deeper_than_WS_t_3_CoS_Left,0,0,0,0,0,0
Brodmann,104,CON_deeper_than_WS_t_3_CiS_Left,0,0,0,0,0,0
Brodmann,105,CON_deeper_than_WS_t_3_SF-front-operc_Left,0,0,0,0,0,0
Brodmann,106,CON_deeper_than_WS_t_3_aIPS_Left,0,0,0,0,0,0
Brodmann,107,CON_deeper_than_WS_t_3_OlfS_Left,0,0,0,0,0,0
Brodmann,108,CON_deeper_than_WS_t_2_CiS_Left,0,0,0,0,0,0
Brodmann,109,CON_deeper_than_WS_t_2_CoS_Left,0,0,0,0,0,0
Brodmann,110,CON_deeper_than_WS_t_2_aIPS_Left,0,0,0,0,0,0
Brodmann,111,CON_deeper_than_WS_t_2_pIPS_Left,0,0,0,0,0,0
Brodmann,112,CON_deeper_than_WS_t_2_SF-front-operc_Left,0,0,0,0,0,0
Brodmann,113,CON_deeper_than_WS_t_2_OlfS_Left,0,0,0,0,0,0
Brodmann,114,CON_deeper_than_WS_t_2_CaS_Left,0,0,0,0,0,0
Brodmann,115,WS_deeper_t_3_HC-PHC_Left,0,0,0,0,0,0
Brodmann,116,WS_deeper_t_2_Ins-Parietal-Operc_Left,0,0,0,0,0,0
Brodmann,117,WS_deeper_t_3_Ins-Parietal-Operc_Left,0,0,0,0,0,0
Brodmann,118,WS_deeper_t_3_PoCeS_Left,0,0,0,0,0,0
Brodmann,119,WS_deeper_t_3_AngG_Left,0,0,0,0,0,0
Brodmann,120,WS_deeper_t_3_IFG_Left,0,0,0,0,0,0
Brodmann,121,WS_deeper_t_3_SupParG_Left,0,0,0,0,0,0
Brodmann,122,WS_deeper_t_3_Cuneus_Left,0,0,0,0,0,0
Brodmann,123,WS_deeper_t_3_MedOrbG_Left,0,0,0,0,0,0
Brodmann,124,WS_deeper_t_2_AngG_Left,0,0,0,0,0,0
Brodmann,125,WS_deeper_t_2_HC-PHC_Left,0,0,0,0,0,0
Brodmann,126,WS_deeper_t_2_PoCeS_Left,0,0,0,0,0,0
Brodmann,127,WS_deeper_t_2_Cuneus_Left,0,0,0,0,0,0
Brodmann,128,WS_deeper_t_2_IFG_Left,0,0,0,0,0,0
Brodmann,129,WS_deeper_t_2_MedOrbG_Left,0,0,0,0,0,0
Brodmann,130,WS_deeper_t_2_SupParG_Left,0,0,0,0,0,0
Brodmann,131,SCZ33-vs-CON30_Interhem,0,0,0,0,0,0
Brodmann,132,MapGyri_SCZ33-vs-CON30_Left,0,0,0,0,0,0
Brodmann,133,minus_cluster_area_1116.27_nodes_1100,0,0,0,0,0,0
Brodmann,134,plus_cluster_area_997.997_nodes_907,0,0,0,0,0,0
Brodmann,135,plus_cluster_area_574.765_nodes_715,0,0,0,0,0,0
Brodmann,136,minus_cluster_area_424.611_nodes_569,0,0,0,0,0,0
Brodmann,137,OngurEtAl_03_PrCO,0,0,0,0,0,0
Brodmann,138,OngurEtAl_03_32ac,0,0,0,0,0,0
Brodmann,139,OngurEtAl_03_32pl,0,0,0,0,0,0
Brodmann,140,Default_Network,0,0,0,0,0,0
Brodmann,141,,0,0,0,0,0,0
Yeo-2011-7,7,7Networks_7,1039,25.1,659,15.9,380,9.2
Yeo-2011-7,5,7Networks_5,760,18.3,473,11.4,287,6.9
Yeo-2011-7,2,7Networks_2,603,14.6,289,7,314,7.6
Yeo-2011-7,1,7Networks_1,578,14,272,6.6,306,7.4
Yeo-2011-7,6,7Networks_6,552,13.3,225,5.4,327,7.9
Yeo-2011-7,4,7Networks_4,373,9,161,3.9,212,5.1
Yeo-2011-7,3,7Networks_3,227,5.5,123,3,104,2.5
Yeo-2011-7,0,FreeSurfer_Defined_Medial_Wall,10,0.2,4,0.1,6,0.1
Yeo-2011-17,17,17Networks_17,663,16,489,11.8,174,4.2
Yeo-2011-17,9,17Networks_9,560,13.5,359,8.7,201,4.9
Yeo-2011-17,4,17Networks_4,352,8.5,189,4.6,163,3.9
Yeo-2011-17,1,17Networks_1,340,8.2,163,3.9,177,4.3
Yeo-2011-17,13,17Networks_13,319,7.7,109,2.6,210,5.1
Yeo-2011-17,14,17Networks_14,252,6.1,168,4.1,84,2
Yeo-2011-17,12,17Networks_12,230,5.6,129,3.1,101,2.4
Yeo-2011-17,16,17Networks_16,227,5.5,76,1.8,151,3.6
Yeo-2011-17,7,17Networks_7,214,5.2,81,2,133,3.2
Yeo-2011-17,8,17Networks_8,167,4,65,1.6,102,2.5
Yeo-2011-17,5,17Networks_5,155,3.7,89,2.1,66,1.6
Yeo-2011-17,2,17Networks_2,150,3.6,55,1.3,95,2.3
Yeo-2011-17,10,17Networks_10,150,3.6,87,2.1,63,1.5
Yeo-2011-17,3,17Networks_3,137,3.3,32,0.8,105,2.5
Yeo-2011-17,6,17Networks_6,105,2.5,38,0.9,67,1.6
Yeo-2011-17,15,17Networks_15,82,2,63,1.5,19,0.5
Yeo-2011-17,11,17Networks_11,29,0.7,10,0.2,19,0.5
Yeo-2011-17,0,FreeSurfer_Defined_Medial_Wall,10,0.2,4,0.1,6,0.1
HCP-MMP1,0,???,1940,46.8,12,0.3,1928,46.5
HCP-MMP1,132,L_TE1a_ROI,105,2.5,105,2.5,0,0
HCP-MMP1,134,L_TE2a_ROI,104,2.5,104,2.5,0,0
HCP-MMP1,131,L_TGd_ROI,100,2.4,100,2.4,0,0
HCP-MMP1,133,L_TE1p_ROI,100,2.4,100,2.4,0,0
HCP-MMP1,175,L_A4_ROI,82,2,82,2,0,0
HCP-MMP1,122,L_PeEc_ROI,80,1.9,79,1.9,1,0
HCP-MMP1,172,L_TGv_ROI,73,1.8,70,1.7,3,0.1
HCP-MMP1,125,L_A5_ROI,67,1.6,67,1.6,0,0
HCP-MMP1,148,L_PF_ROI,57,1.4,57,1.4,0,0
HCP-MMP1,177,L_TE1m_ROI,55,1.3,55,1.3,0,0
HCP-MMP1,137,L_PHT_ROI,51,1.2,51,1.2,0,0
HCP-MMP1,118,L_EC_ROI,47,1.1,47,1.1,0,0
HCP-MMP1,18,L_FFC_ROI,46,1.1,45,1.1,1,0
HCP-MMP1,135,L_TF_ROI,44,1.1,43,1,1,0
HCP-MMP1,75,L_45_ROI,42,1,42,1,0,0
HCP-MMP1,77,L_a47r_ROI,42,1,42,1,0,0
HCP-MMP1,123,L_STGa_ROI,38,0.9,38,0.9,0,0
HCP-MMP1,51,L_1_ROI,37,0.9,37,0.9,0,0
HCP-MMP1,163,L_VVC_ROI,36,0.9,36,0.9,0,0
HCP-MMP1,74,L_44_ROI,32,0.8,32,0.8,0,0
HCP-MMP1,136,L_TE2p_ROI,31,0.7,29,0.7,2,0
HCP-MMP1,5,L_V3_ROI,30,0.7,30,0.7,0,0
HCP-MMP1,4,L_V2_ROI,29,0.7,29,0.7,0,0
HCP-MMP1,28,L_STV_ROI,28,0.7,28,0.7,0,0
HCP-MMP1,91,L_11l_ROI,27,0.7,27,0.7,0,0
HCP-MMP1,99,L_43_ROI,27,0.7,27,0.7,0,0
HCP-MMP1,83,L_p9-46v_ROI,26,0.6,26,0.6,0,0
HCP-MMP1,149,L_PFm_ROI,26,0.6,26,0.6,0,0
HCP-MMP1,56,L_6v_ROI,25,0.6,25,0.6,0,0
HCP-MMP1,126,L_PHA1_ROI,25,0.6,25,0.6,0,0
HCP-MMP1,76,L_47l_ROI,21,0.5,21,0.5,0,0
HCP-MMP1,138,L_PH_ROI,21,0.5,21,0.5,0,0
HCP-MMP1,147,L_PFop_ROI,21,0.5,21,0.5,0,0
HCP-MMP1,100,L_OP4_ROI,20,0.5,20,0.5,0,0
HCP-MMP1,22,L_PIT_ROI,19,0.5,19,0.5,0,0
HCP-MMP1,1,L_V1_ROI,18,0.4,18,0.4,0,0
HCP-MMP1,84,L_46_ROI,18,0.4,18,0.4,0,0
HCP-MMP1,93,L_OFC_ROI,18,0.4,18,0.4,0,0
HCP-MMP1,82,L_IFSa_ROI,17,0.4,17,0.4,0,0
HCP-MMP1,12,L_55b_ROI,15,0.4,15,0.4,0,0
HCP-MMP1,25,L_PSL_ROI,15,0.4,15,0.4,0,0
HCP-MMP1,78,L_6r_ROI,15,0.4,15,0.4,0,0
HCP-MMP1,81,L_IFSp_ROI,15,0.4,15,0.4,0,0
HCP-MMP1,127,L_PHA3_ROI,15,0.4,15,0.4,0,0
HCP-MMP1,140,L_TPOJ2_ROI,15,0.4,15,0.4,0,0
HCP-MMP1,92,L_13l_ROI,14,0.3,14,0.3,0,0
HCP-MMP1,21,L_LO2_ROI,13,0.3,13,0.3,0,0
HCP-MMP1,94,L_47s_ROI,13,0.3,13,0.3,0,0
HCP-MMP1,9,L_3b_ROI,12,0.3,12,0.3,0,0
HCP-MMP1,90,L_10pp_ROI,12,0.3,12,0.3,0,0
HCP-MMP1,30,L_7m_ROI,11,0.3,11,0.3,0,0
HCP-MMP1,67,L_8Av_ROI,11,0.3,11,0.3,0,0
HCP-MMP1,73,L_8C_ROI,11,0.3,11,0.3,0,0
HCP-MMP1,143,L_PGp_ROI,11,0.3,11,0.3,0,0
HCP-MMP1,151,L_PGs_ROI,11,0.3,11,0.3,0,0
HCP-MMP1,153,L_VMV1_ROI,11,0.3,11,0.3,0,0
HCP-MMP1,7,L_V8_ROI,10,0.2,10,0.2,0,0
HCP-MMP1,27,L_PCV_ROI,10,0.2,10,0.2,0,0
HCP-MMP1,72,L_10d_ROI,10,0.2,10,0.2,0,0
HCP-MMP1,87,L_9a_ROI,10,0.2,10,0.2,0,0
HCP-MMP1,107,L_TA2_ROI,10,0.2,10,0.2,0,0
HCP-MMP1,6,L_V4_ROI,9,0.2,9,0.2,0,0
HCP-MMP1,33,L_v23ab_ROI,9,0.2,9,0.2,0,0
HCP-MMP1,128,L_STSda_ROI,9,0.2,9,0.2,0,0
HCP-MMP1,139,L_TPOJ1_ROI,9,0.2,9,0.2,0,0
HCP-MMP1,171,L_p47r_ROI,9,0.2,9,0.2,0,0
HCP-MMP1,34,L_d23ab_ROI,8,0.2,8,0.2,0,0
HCP-MMP1,54,L_6d_ROI,8,0.2,8,0.2,0,0
HCP-MMP1,85,L_a9-46v_ROI,8,0.2,8,0.2,0,0
HCP-MMP1,88,L_10v_ROI,8,0.2,8,0.2,0,0
HCP-MMP1,86,L_9-46d_ROI,7,0.2,7,0.2,0,0
HCP-MMP1,157,L_FST_ROI,7,0.2,7,0.2,0,0
HCP-MMP1,66,L_47m_ROI,6,0.1,6,0.1,0,0
HCP-MMP1,89,L_a10p_ROI,6,0.1,6,0.1,0,0
HCP-MMP1,159,L_LO3_ROI,6,0.1,6,0.1,0,0
HCP-MMP1,8,L_4_ROI,5,0.1,5,0.1,0,0
HCP-MMP1,14,L_RSC_ROI,5,0.1,5,0.1,0,0
HCP-MMP1,23,L_MT_ROI,5,0.1,5,0.1,0,0
HCP-MMP1,26,L_SFL_ROI,5,0.1,5,0.1,0,0
HCP-MMP1,44,L_6ma_ROI,5,0.1,5,0.1,0,0
HCP-MMP1,119,L_PreS_ROI,5,0.1,5,0.1,0,0
HCP-MMP1,154,L_VMV3_ROI,5,0.1,5,0.1,0,0
HCP-MMP1,170,L_p10p_ROI,5,0.1,5,0.1,0,0
HCP-MMP1,13,L_V3A_ROI,4,0.1,4,0.1,0,0
HCP-MMP1,20,L_LO1_ROI,4,0.1,4,0.1,0,0
HCP-MMP1,47,L_7PC_ROI,4,0.1,4,0.1,0,0
HCP-MMP1,48,L_LIPv_ROI,4,0.1,4,0.1,0,0
HCP-MMP1,116,L_PFt_ROI,4,0.1,4,0.1,0,0
HCP-MMP1,145,L_IP1_ROI,4,0.1,4,0.1,0,0
HCP-MMP1,150,L_PGi_ROI,4,0.1,4,0.1,0,0
HCP-MMP1,156,L_V4t_ROI,4,0.1,4,0.1,0,0
HCP-MMP1,162,L_31a_ROI,4,0.1,4,0.1,0,0
HCP-MMP1,45,L_7Am_ROI,3,0.1,3,0.1,0,0
HCP-MMP1,49,L_VIP_ROI,3,0.1,3,0.1,0,0
HCP-MMP1,52,L_2_ROI,3,0.1,3,0.1,0,0
HCP-MMP1,108,L_FOP4_ROI,3,0.1,3,0.1,0,0
HCP-MMP1,113,L_FOP1_ROI,3,0.1,3,0.1,0,0
HCP-MMP1,130,L_STSvp_ROI,3,0.1,3,0.1,0,0
HCP-MMP1,158,L_V3CD_ROI,3,0.1,3,0.1,0,0
HCP-MMP1,15,L_POS2_ROI,2,0,2,0,0,0
HCP-MMP1,31,L_POS1_ROI,2,0,2,0,0,0
HCP-MMP1,35,L_31pv_ROI,2,0,2,0,0,0
HCP-MMP1,53,L_3a_ROI,2,0,2,0,0,0
HCP-MMP1,63,L_8BM_ROI,2,0,2,0,0,0
HCP-MMP1,71,L_9p_ROI,2,0,2,0,0,0
HCP-MMP1,79,L_IFJa_ROI,2,0,2,0,0,0
HCP-MMP1,124,L_PBelt_ROI,2,0,2,0,0,0
HCP-MMP1,141,L_TPOJ3_ROI,2,0,2,0,0,0
HCP-MMP1,146,L_IP0_ROI,2,0,2,0,0,0
HCP-MMP1,166,L_pOFC_ROI,2,0,2,0,0,0
HCP-MMP1,176,L_STSva_ROI,2,0,2,0,0,0
HCP-MMP1,3,L_V6_ROI,1,0,1,0,0,0
HCP-MMP1,10,L_FEF_ROI,1,0,1,0,0,0
HCP-MMP1,11,L_PEF_ROI,1,0,1,0,0,0
HCP-MMP1,32,L_23d_ROI,1,0,1,0,0,0
HCP-MMP1,46,L_7PL_ROI,1,0,1,0,0,0
HCP-MMP1,55,L_6mp_ROI,1,0,1,0,0,0
HCP-MMP1,58,L_33pr_ROI,1,0,1,0,0,0
HCP-MMP1,59,L_a24pr_ROI,1,0,1,0,0,0
HCP-MMP1,60,L_p32pr_ROI,1,0,1,0,0,0
HCP-MMP1,68,L_8Ad_ROI,1,0,1,0,0,0
HCP-MMP1,70,L_8BL_ROI,1,0,1,0,0,0
HCP-MMP1,97,L_i6-8_ROI,1,0,1,0,0,0
HCP-MMP1,98,L_s6-8_ROI,1,0,1,0,0,0
HCP-MMP1,142,L_DVT_ROI,1,0,1,0,0,0
HCP-MMP1,152,L_V6A_ROI,1,0,1,0,0,0
HCP-MMP1,164,L_25_ROI,1,0,1,0,0,0
HCP-MMP1,179,L_a32pr_ROI,1,0,1,0,0,0
HCP-MMP1,2,L_MST_ROI,0,0,0,0,0,0
HCP-MMP1,16,L_V7_ROI,0,0,0,0,0,0
HCP-MMP1,17,L_IPS1_ROI,0,0,0,0,0,0
HCP-MMP1,19,L_V3B_ROI,0,0,0,0,0,0
HCP-MMP1,24,L_A1_ROI,0,0,0,0,0,0
HCP-MMP1,29,L_7Pm_ROI,0,0,0,0,0,0
HCP-MMP1,36,L_5m_ROI,0,0,0,0,0,0
HCP-MMP1,37,L_5mv_ROI,0,0,0,0,0,0
HCP-MMP1,38,L_23c_ROI,0,0,0,0,0,0
HCP-MMP1,39,L_5L_ROI,0,0,0,0,0,0
HCP-MMP1,40,L_24dd_ROI,0,0,0,0,0,0
HCP-MMP1,41,L_24dv_ROI,0,0,0,0,0,0
HCP-MMP1,42,L_7AL_ROI,0,0,0,0,0,0
HCP-MMP1,43,L_SCEF_ROI,0,0,0,0,0,0
HCP-MMP1,50,L_MIP_ROI,0,0,0,0,0,0
HCP-MMP1,57,L_p24pr_ROI,0,0,0,0,0,0
HCP-MMP1,61,L_a24_ROI,0,0,0,0,0,0
HCP-MMP1,62,L_d32_ROI,0,0,0,0,0,0
HCP-MMP1,64,L_p32_ROI,0,0,0,0,0,0
HCP-MMP1,65,L_10r_ROI,0,0,0,0,0,0
HCP-MMP1,69,L_9m_ROI,0,0,0,0,0,0
HCP-MMP1,80,L_IFJp_ROI,0,0,0,0,0,0
HCP-MMP1,95,L_LIPd_ROI,0,0,0,0,0,0
HCP-MMP1,96,L_6a_ROI,0,0,0,0,0,0
HCP-MMP1,101,L_OP1_ROI,0,0,0,0,0,0
HCP-MMP1,102,L_OP2-3_ROI,0,0,0,0,0,0
HCP-MMP1,103,L_52_ROI,0,0,0,0,0,0
HCP-MMP1,104,L_RI_ROI,0,0,0,0,0,0
HCP-MMP1,105,L_PFcm_ROI,0,0,0,0,0,0
HCP-MMP1,106,L_PoI2_ROI,0,0,0,0,0,0
HCP-MMP1,109,L_MI_ROI,0,0,0,0,0,0
HCP-MMP1,110,L_Pir_ROI,0,0,0,0,0,0
HCP-MMP1,111,L_AVI_ROI,0,0,0,0,0,0
HCP-MMP1,112,L_AAIC_ROI,0,0,0,0,0,0
HCP-MMP1,114,L_FOP3_ROI,0,0,0,0,0,0
HCP-MMP1,115,L_FOP2_ROI,0,0,0,0,0,0
HCP-MMP1,117,L_AIP_ROI,0,0,0,0,0,0
HCP-MMP1,120,L_H_ROI,0,0,0,0,0,0
HCP-MMP1,121,L_ProS_ROI,0,0,0,0,0,0
HCP-MMP1,129,L_STSdp_ROI,0,0,0,0,0,0
HCP-MMP1,144,L_IP2_ROI,0,0,0,0,0,0
HCP-MMP1,155,L_PHA2_ROI,0,0,0,0,0,0
HCP-MMP1,160,L_VMV2_ROI,0,0,0,0,0,0
HCP-MMP1,161,L_31pd_ROI,0,0,0,0,0,0
HCP-MMP1,165,L_s32_ROI,0,0,0,0,0,0
HCP-MMP1,167,L_PoI1_ROI,0,0,0,0,0,0
HCP-MMP1,168,L_Ig_ROI,0,0,0,0,0,0
HCP-MMP1,169,L_FOP5_ROI,0,0,0,0,0,0
HCP-MMP1,173,L_MBelt_ROI,0,0,0,0,0,0
HCP-MMP1,174,L_LBelt_ROI,0,0,0,0,0,0
HCP-MMP1,178,L_PI_ROI,0,0,0,0,0,0
HCP-MMP1,180,L_p24_ROI,0,0,0,0,0,0
M132,70,STPi_M132,299,7.2,189,4.6,110,2.7
M132,59,PBr_M132,250,6,159,3.8,91,2.2
M132,66,ProM_M132,170,4.1,102,2.5,68,1.6
M132,14,2_M132,160,3.9,75,1.8,85,2.1
M132,60,PGa_M132,145,3.5,94,2.3,51,1.2
M132,1,10_M132,144,3.5,74,1.8,70,1.7
M132,71,STPr_M132,138,3.3,94,2.3,44,1.1
M132,52,MB_M132,136,3.3,98,2.4,38,0.9
M132,83,Temporal-pole_M132,124,3,87,2.1,37,0.9
M132,50,LB_M132,118,2.8,75,1.8,43,1
M132,3,12_M132,117,2.8,77,1.9,40,1
M132,17,3_M132,114,2.8,49,1.2,65,1.6
M132,58,PBc_M132,105,2.5,57,1.4,48,1.2
M132,0,,96,2.3,55,1.3,41,1
M132,25,7B_M132,92,2.2,44,1.1,48,1.2
M132,88,V4_M132,92,2.2,36,0.9,56,1.4
M132,65,Piriform_M132,85,2.1,28,0.7,57,1.4
M132,63,Perirhinal_M132,78,1.9,67,1.6,11,0.3
M132,27,7op_M132,74,1.8,42,1,32,0.8
M132,54,MST_M132,69,1.7,35,0.8,34,0.8
M132,24,7A_M132,65,1.6,19,0.5,46,1.1
M132,30,8m_M132,59,1.4,23,0.6,36,0.9
M132,48,IPa_M132,59,1.4,43,1,16,0.4
M132,7,23_M132,58,1.4,26,0.6,32,0.8
M132,29,8l_M132,52,1.3,29,0.7,23,0.6
M132,38,Entorhinal_M132,52,1.3,40,1,12,0.3
M132,2,11_M132,51,1.2,33,0.8,18,0.4
M132,68,S2_M132,49,1.2,25,0.6,24,0.6
M132,43,F5_M132,45,1.1,17,0.4,28,0.7
M132,82,TPt_M132,44,1.1,18,0.4,26,0.6
M132,20,45B_M132,43,1,16,0.4,27,0.7
M132,22,46v_M132,43,1,22,0.5,21,0.5
M132,26,7m_M132,41,1,16,0.4,25,0.6
M132,6,1_M132,40,1,12,0.3,28,0.7
M132,40,F2_M132,40,1,12,0.3,28,0.7
M132,87,V3_M132,40,1,15,0.4,25,0.6
M132,47,Gu_M132,39,0.9,23,0.6,16,0.4
M132,69,STPc_M132,39,0.9,19,0.5,20,0.5
M132,84,V1_M132,39,0.9,8,0.2,31,0.7
M132,64,Pi_M132,35,0.8,12,0.3,23,0.6
M132,39,F1_M132,32,0.8,7,0.2,25,0.6
M132,76,TEam-a_M132,32,0.8,28,0.7,4,0.1
M132,28,8B_M132,30,0.7,1,0,29,0.7
M132,46,FST_M132,27,0.7,12,0.3,15,0.4
M132,41,F3_M132,26,0.6,4,0.1,22,0.5
M132,31,8r_M132,25,0.6,9,0.2,16,0.4
M132,79,TEpd_M132,22,0.5,13,0.3,9,0.2
M132,5,14_M132,21,0.5,9,0.2,12,0.3
M132,23,5_M132,20,0.5,7,0.2,13,0.3
M132,15,31_M132,19,0.5,7,0.2,12,0.3
M132,74,TEOm_M132,19,0.5,9,0.2,10,0.2
M132,77,TEam-p_M132,19,0.5,11,0.3,8,0.2
M132,19,45A_M132,18,0.4,5,0.1,13,0.3
M132,45,F7_M132,18,0.4,5,0.1,13,0.3
M132,21,46d_M132,17,0.4,7,0.2,10,0.2
M132,34,9_M132,17,0.4,1,0,16,0.4
M132,44,F6_M132,17,0.4,2,0,15,0.4
M132,18,44_M132,16,0.4,5,0.1,11,0.3
M132,78,TEav_M132,15,0.4,13,0.3,2,0
M132,49,Insula_M132,14,0.3,7,0.2,7,0.2
M132,51,LIP_M132,14,0.3,7,0.2,7,0.2
M132,61,PIP_M132,14,0.3,1,0,13,0.3
M132,86,V3A_M132,13,0.3,5,0.1,8,0.2
M132,11,24d_M132,12,0.3,3,0.1,9,0.2
M132,72,Subiculum_M132,12,0.3,11,0.3,1,0
M132,73,TEO_M132,12,0.3,4,0.1,8,0.2
M132,57,OPRO_M132,11,0.3,9,0.2,2,0
M132,4,13_M132,9,0.2,4,0.1,5,0.1
M132,9,24b_M132,9,0.2,1,0,8,0.2
M132,32,9_46d_M132,8,0.2,3,0.1,5,0.1
M132,35,AIP_M132,7,0.2,2,0,5,0.1
M132,53,MIP_M132,7,0.2,1,0,6,0.1
M132,75,TEad_M132,7,0.2,5,0.1,2,0
M132,80,TEpv_M132,6,0.1,4,0.1,2,0
M132,10,24c_M132,5,0.1,0,0,5,0.1
M132,13,29_30_M132,5,0.1,1,0,4,0.1
M132,42,F4_M132,5,0.1,4,0.1,1,0
M132,89,V4t_M132,5,0.1,4,0.1,1,0
M132,37,DP_M132,4,0.1,2,0,2,0
M132,81,TH_TF_M132,4,0.1,3,0.1,1,0
M132,67,Prostriate_M132,3,0.1,0,0,3,0.1
M132,92,VIP_M132,3,0.1,1,0,2,0
M132,8,24a_M132,1,0,1,0,0,0
M132,12,25_M132,1,0,1,0,0,0
M132,56,OPAI_M132,1,0,1,0,0,0
M132,90,V6A_M132,1,0,1,0,0,0
M132,16,32_M132,0,0,0,0,0,0
M132,33,9_46v_M132,0,0,0,0,0,0
M132,36,Aud-core_M132,0,0,0,0,0,0
M132,55,MT_M132,0,0,0,0,0,0
M132,62,PO_M132,0,0,0,0,0,0
M132,85,V2_M132,0,0,0,0,0,0
M132,91,V6_M132,0,0,0,0,0,0
FVE91,0,,2477,59.8,1345,32.5,1132,27.3
FVE91,71,FVE_STPp,475,11.5,290,7,185,4.5
FVE91,70,FVE_STPa,164,4,106,2.6,58,1.4
FVE91,39,FVE_FEF,160,3.9,69,1.7,91,2.2
FVE91,80,FVE_V4,103,2.5,42,1,61,1.5
FVE91,23,FVE_7a,80,1.9,27,0.7,53,1.3
FVE91,77,FVE_V2,79,1.9,21,0.5,58,1.4
FVE91,1,FVE_1,71,1.7,37,0.9,34,0.8
FVE91,20,FVE_46,55,1.3,27,0.7,28,0.7
FVE91,57,FVE_PITd,51,1.2,22,0.5,29,0.7
FVE91,48,FVE_MSTd,49,1.2,22,0.5,27,0.7
FVE91,76,FVE_V1,42,1,8,0.2,34,0.8
FVE91,30,FVE_Auditory,37,0.9,23,0.6,14,0.3
FVE91,40,FVE_FST,37,0.9,26,0.6,11,0.3
FVE91,49,FVE_MSTl,36,0.9,21,0.5,15,0.4
FVE91,29,FVE_AUD,30,0.7,12,0.3,18,0.4
FVE91,73,FVE_TF,30,0.7,17,0.4,13,0.3
FVE91,81,FVE_V4t,21,0.5,14,0.3,7,0.2
FVE91,34,FVE_CITv,18,0.4,11,0.3,7,0.2
FVE91,33,FVE_CITd,16,0.4,13,0.3,3,0.1
FVE91,27,FVE_AITd,15,0.4,10,0.2,5,0.1
FVE91,74,FVE_TH,14,0.3,9,0.2,5,0.1
FVE91,79,FVE_V3A,11,0.3,3,0.1,8,0.2
FVE91,55,FVE_PIP,9,0.2,3,0.1,6,0.1
FVE91,78,FVE_V3,9,0.2,3,0.1,6,0.1
FVE91,84,FVE_VP,9,0.2,3,0.1,6,0.1
FVE91,28,FVE_AITv,8,0.2,6,0.1,2,0
FVE91,51,FVE_Motor,8,0.2,4,0.1,4,0.1
FVE91,85,FVE_Visual,8,0.2,5,0.1,3,0.1
FVE91,58,FVE_PITv,6,0.1,1,0,5,0.1
FVE91,83,FVE_VOT,4,0.1,3,0.1,1,0
FVE91,37,FVE_DP,3,0.1,1,0,2,0
FVE91,82,FVE_VIP,3,0.1,0,0,3,0.1
FVE91,52,FVE_Olfactory,2,0,2,0,0,0
FVE91,45,FVE_LIP,1,0,0,0,1,0
FVE91,46,FVE_MDP,1,0,0,0,1,0
FVE91,2,FVE_10,0,0,0,0,0,0
FVE91,3,FVE_11,0,0,0,0,0,0
FVE91,4,FVE_12,0,0,0,0,0,0
FVE91,5,FVE_13,0,0,0,0,0,0
FVE91,6,FVE_14,0,0,0,0,0,0
FVE91,7,FVE_2,0,0,0,0,0,0
FVE91,8,FVE_23,0,0,0,0,0,0
FVE91,9,FVE_24,0,0,0,0,0,0
FVE91,10,FVE_25,0,0,0,0,0,0
FVE91,11,FVE_29,0,0,0,0,0,0
FVE91,12,FVE_30,0,0,0,0,0,0
FVE91,13,FVE_32,0,0,0,0,0,0
FVE91,14,FVE_35,0,0,0,0,0,0
FVE91,15,FVE_36,0,0,0,0,0,0
FVE91,16,FVE_3a,0,0,0,0,0,0
FVE91,17,FVE_3b,0,0,0,0,0,0
FVE91,18,FVE_4,0,0,0,0,0,0
FVE91,19,FVE_45,0,0,0,0,0,0
FVE91,21,FVE_5,0,0,0,0,0,0
FVE91,22,FVE_6,0,0,0,0,0,0
FVE91,24,FVE_7b,0,0,0,0,0,0
FVE91,25,FVE_9,0,0,0,0,0,0
FVE91,26,FVE_AI,0,0,0,0,0,0
FVE91,31,FVE_CA1,0,0,0,0,0,0
FVE91,32,FVE_CA3,0,0,0,0,0,0
FVE91,35,FVE_CM,0,0,0,0,0,0
FVE91,36,FVE_Cognitive_Emotional_Limbic,0,0,0,0,0,0
FVE91,38,FVE_ER,0,0,0,0,0,0
FVE91,41,FVE_G,0,0,0,0,0,0
FVE91,42,FVE_Id,0,0,0,0,0,0
FVE91,43,FVE_Ig,0,0,0,0,0,0
FVE91,44,FVE_L,0,0,0,0,0,0
FVE91,47,FVE_MIP,0,0,0,0,0,0
FVE91,50,FVE_MT,0,0,0,0,0,0
FVE91,53,FVE_PA,0,0,0,0,0,0
FVE91,54,FVE_PAC,0,0,0,0,0,0
FVE91,56,FVE_PIR,0,0,0,0,0,0
FVE91,59,FVE_PO,0,0,0,0,0,0
FVE91,60,FVE_PS,0,0,0,0,0,0
FVE91,61,FVE_PaS,0,0,0,0,0,0
FVE91,62,FVE_Pall,0,0,0,0,0,0
FVE91,63,FVE_PrS,0,0,0,0,0,0
FVE91,64,FVE_Pro,0,0,0,0,0,0
FVE91,65,FVE_RL,0,0,0,0,0,0
FVE91,66,FVE_Ri,0,0,0,0,0,0
FVE91,67,FVE_S,0,0,0,0,0,0
FVE91,68,FVE_SII,0,0,0,0,0,0
FVE91,69,FVE_SMA,0,0,0,0,0,0
FVE91,72,FVE_Somatosensory,0,0,0,0,0,0
FVE91,75,FVE_Unassigned,0,0,0,0,0,0
FVEall,154,FVE_all_UNK,810,19.6,482,11.6,328,7.9
FVEall,151,FVE_all_STPp,474,11.4,290,7,184,4.4
FVEall,109,FVE_all_7b,184,4.4,92,2.2,92,2.2
FVEall,150,FVE_all_STPa,174,4.2,113,2.7,61,1.5
FVEall,121,FVE_all_ER,163,3.9,125,3,38,0.9
FVEall,122,FVE_all_FEF,161,3.9,69,1.7,92,2.2
FVEall,114,FVE_all_Aud,150,3.6,87,2.1,63,1.5
FVEall,0,,126,3,76,1.8,50,1.2
FVEall,100,FVE_all_36,104,2.5,73,1.8,31,0.7
FVEall,159,FVE_all_V4,103,2.5,42,1,61,1.5
FVEall,99,FVE_all_35,101,2.4,78,1.9,23,0.6
FVEall,87,FVE_all_10,91,2.2,45,1.1,46,1.1
FVEall,107,FVE_all_6,89,2.1,30,0.7,59,1.4
FVEall,156,FVE_all_V2,82,2,22,0.5,60,1.4
FVEall,108,FVE_all_7a,80,1.9,27,0.7,53,1.3
FVEall,86,FVE_all_1,78,1.9,28,0.7,50,1.2
FVEall,110,FVE_all_9,73,1.8,10,0.2,63,1.5
FVEall,92,FVE_all_2,62,1.5,30,0.7,32,0.8
FVEall,103,FVE_all_4,62,1.5,20,0.5,42,1
FVEall,118,FVE_all_CITv,60,1.4,19,0.5,41,1
FVEall,94,FVE_all_24,58,1.4,22,0.5,36,0.9
FVEall,1,FVE_1,54,1.3,28,0.7,26,0.6
FVEall,105,FVE_all_46,54,1.3,26,0.6,28,0.7
FVEall,138,FVE_all_PITd,51,1.2,22,0.5,29,0.7
FVEall,135,FVE_all_PAC,50,1.2,30,0.7,20,0.5
FVEall,130,FVE_all_MIP,49,1.2,22,0.5,27,0.7
FVEall,93,FVE_all_23,45,1.1,19,0.5,26,0.6
FVEall,149,FVE_all_SMA,41,1,3,0.1,38,0.9
FVEall,148,FVE_all_SII,38,0.9,21,0.5,17,0.4
FVEall,123,FVE_all_FST,37,0.9,26,0.6,11,0.3
FVEall,132,FVE_all_MSTl,36,0.9,21,0.5,15,0.4
FVEall,137,FVE_all_PIR,33,0.8,18,0.4,15,0.4
FVEall,102,FVE_all_3b,32,0.8,13,0.3,19,0.5
FVEall,29,FVE_AUD,30,0.7,12,0.3,18,0.4
FVEall,152,FVE_all_TF,30,0.7,17,0.4,13,0.3
FVEall,106,FVE_all_5,24,0.6,8,0.2,16,0.4
FVEall,104,FVE_all_45,23,0.6,14,0.3,9,0.2
FVEall,160,FVE_all_V4t,21,0.5,14,0.3,7,0.2
FVEall,91,FVE_all_14,18,0.4,6,0.1,12,0.3
FVEall,133,FVE_all_MT,17,0.4,10,0.2,7,0.2
FVEall,117,FVE_all_CITd,16,0.4,13,0.3,3,0.1
FVEall,112,FVE_all_AITd,15,0.4,10,0.2,5,0.1
FVEall,153,FVE_all_TH,14,0.3,9,0.2,5,0.1
FVEall,88,FVE_all_11,11,0.3,7,0.2,4,0.1
FVEall,158,FVE_all_V3A,11,0.3,3,0.1,8,0.2
FVEall,136,FVE_all_PIP,9,0.2,3,0.1,6,0.1
FVEall,142,FVE_all_PaS,9,0.2,9,0.2,0,0
FVEall,157,FVE_all_V3,9,0.2,3,0.1,6,0.1
FVEall,163,FVE_all_VP,9,0.2,3,0.1,6,0.1
FVEall,113,FVE_all_AITv,8,0.2,6,0.1,2,0
FVEall,89,FVE_all_12,7,0.2,4,0.1,3,0.1
FVEall,96,FVE_all_29,6,0.1,2,0,4,0.1
FVEall,139,FVE_all_PITv,6,0.1,1,0,5,0.1
FVEall,144,FVE_all_Pro,6,0.1,1,0,5,0.1
FVEall,30,FVE_Auditory,4,0.1,3,0.1,1,0
FVEall,95,FVE_all_25,4,0.1,4,0.1,0,0
FVEall,143,FVE_all_PrS,4,0.1,4,0.1,0,0
FVEall,162,FVE_all_VOT,4,0.1,3,0.1,1,0
FVEall,51,FVE_Motor,3,0.1,1,0,2,0
FVEall,90,FVE_all_13,3,0.1,2,0,1,0
FVEall,120,FVE_all_DP,3,0.1,1,0,2,0
FVEall,161,FVE_all_VIP,3,0.1,0,0,3,0.1
FVEall,70,FVE_STPa,2,0,1,0,1,0
FVEall,85,FVE_Visual,2,0,2,0,0,0
FVEall,101,FVE_all_3a,2,0,0,0,2,0
FVEall,20,FVE_46,1,0,1,0,0,0
FVEall,128,FVE_all_LIP,1,0,0,0,1,0
FVEall,129,FVE_all_MDP,1,0,0,0,1,0
FVEall,141,FVE_all_PSd,1,0,0,0,1,0
FVEall,2,FVE_10,0,0,0,0,0,0
FVEall,3,FVE_11,0,0,0,0,0,0
FVEall,4,FVE_12,0,0,0,0,0,0
FVEall,5,FVE_13,0,0,0,0,0,0
FVEall,6,FVE_14,0,0,0,0,0,0
FVEall,7,FVE_2,0,0,0,0,0,0
FVEall,8,FVE_23,0,0,0,0,0,0
FVEall,9,FVE_24,0,0,0,0,0,0
FVEall,10,FVE_25,0,0,0,0,0,0
FVEall,11,FVE_29,0,0,0,0,0,0
FVEall,12,FVE_30,0,0,0,0,0,0
FVEall,13,FVE_32,0,0,0,0,0,0
FVEall,14,FVE_35,0,0,0,0,0,0
FVEall,15,FVE_36,0,0,0,0,0,0
FVEall,16,FVE_3a,0,0,0,0,0,0
FVEall,17,FVE_3b,0,0,0,0,0,0
FVEall,18,FVE_4,0,0,0,0,0,0
FVEall,19,FVE_45,0,0,0,0,0,0
FVEall,21,FVE_5,0,0,0,0,0,0
FVEall,22,FVE_6,0,0,0,0,0,0
FVEall,23,FVE_7a,0,0,0,0,0,0
FVEall,24,FVE_7b,0,0,0,0,0,0
FVEall,25,FVE_9,0,0,0,0,0,0
FVEall,26,FVE_AI,0,0,0,0,0,0
FVEall,27,FVE_AITd,0,0,0,0,0,0
FVEall,28,FVE_AITv,0,0,0,0,0,0
FVEall,31,FVE_CA1,0,0,0,0,0,0
FVEall,32,FVE_CA3,0,0,0,0,0,0
FVEall,33,FVE_CITd,0,0,0,0,0,0
FVEall,34,FVE_CITv,0,0,0,0,0,0
FVEall,35,FVE_CM,0,0,0,0,0,0
FVEall,36,FVE_Cognitive_Emotional_Limbic,0,0,0,0,0,0
FVEall,37,FVE_DP,0,0,0,0,0,0
FVEall,38,FVE_ER,0,0,0,0,0,0
FVEall,39,FVE_FEF,0,0,0,0,0,0
FVEall,40,FVE_FST,0,0,0,0,0,0
FVEall,41,FVE_G,0,0,0,0,0,0
FVEall,42,FVE_Id,0,0,0,0,0,0
FVEall,43,FVE_Ig,0,0,0,0,0,0
FVEall,44,FVE_L,0,0,0,0,0,0
FVEall,45,FVE_LIP,0,0,0,0,0,0
FVEall,46,FVE_MDP,0,0,0,0,0,0
FVEall,47,FVE_MIP,0,0,0,0,0,0
FVEall,48,FVE_MSTd,0,0,0,0,0,0
FVEall,49,FVE_MSTl,0,0,0,0,0,0
FVEall,50,FVE_MT,0,0,0,0,0,0
FVEall,52,FVE_Olfactory,0,0,0,0,0,0
FVEall,53,FVE_PA,0,0,0,0,0,0
FVEall,54,FVE_PAC,0,0,0,0,0,0
FVEall,55,FVE_PIP,0,0,0,0,0,0
FVEall,56,FVE_PIR,0,0,0,0,0,0
FVEall,57,FVE_PITd,0,0,0,0,0,0
FVEall,58,FVE_PITv,0,0,0,0,0,0
FVEall,59,FVE_PO,0,0,0,0,0,0
FVEall,60,FVE_PS,0,0,0,0,0,0
FVEall,61,FVE_PaS,0,0,0,0,0,0
FVEall,62,FVE_Pall,0,0,0,0,0,0
FVEall,63,FVE_PrS,0,0,0,0,0,0
FVEall,64,FVE_Pro,0,0,0,0,0,0
FVEall,65,FVE_RL,0,0,0,0,0,0
FVEall,66,FVE_Ri,0,0,0,0,0,0
FVEall,67,FVE_S,0,0,0,0,0,0
FVEall,68,FVE_SII,0,0,0,0,0,0
FVEall,69,FVE_SMA,0,0,0,0,0,0
FVEall,71,FVE_STPp,0,0,0,0,0,0
FVEall,72,FVE_Somatosensory,0,0,0,0,0,0
FVEall,73,FVE_TF,0,0,0,0,0,0
FVEall,74,FVE_TH,0,0,0,0,0,0
FVEall,75,FVE_Unassigned,0,0,0,0,0,0
FVEall,76,FVE_V1,0,0,0,0,0,0
FVEall,77,FVE_V2,0,0,0,0,0,0
FVEall,78,FVE_V3,0,0,0,0,0,0
FVEall,79,FVE_V3A,0,0,0,0,0,0
FVEall,80,FVE_V4,0,0,0,0,0,0
FVEall,81,FVE_V4t,0,0,0,0,0,0
FVEall,82,FVE_VIP,0,0,0,0,0,0
FVEall,83,FVE_VOT,0,0,0,0,0,0
FVEall,84,FVE_VP,0,0,0,0,0,0
FVEall,97,FVE_all_30,0,0,0,0,0,0
FVEall,98,FVE_all_32,0,0,0,0,0,0
FVEall,111,FVE_all_A1,0,0,0,0,0,0
FVEall,115,FVE_all_CA1,0,0,0,0,0,0
FVEall,116,FVE_all_CA3,0,0,0,0,0,0
FVEall,119,FVE_all_CM,0,0,0,0,0,0
FVEall,124,FVE_all_G,0,0,0,0,0,0
FVEall,125,FVE_all_Id,0,0,0,0,0,0
FVEall,126,FVE_all_Ig,0,0,0,0,0,0
FVEall,127,FVE_all_L,0,0,0,0,0,0
FVEall,131,FVE_all_MSTd,0,0,0,0,0,0
FVEall,134,FVE_all_PA,0,0,0,0,0,0
FVEall,140,FVE_all_PO,0,0,0,0,0,0
FVEall,145,FVE_all_RL,0,0,0,0,0,0
FVEall,146,FVE_all_Ri,0,0,0,0,0,0
FVEall,147,FVE_all_S,0,0,0,0,0,0
FVEall,155,FVE_all_V1,0,0,0,0,0,0
LVE00,77,LVE00_Unassigned,1164,28.1,701,16.9,463,11.2
LVE00,72,LVE00_TPOc,348,8.4,206,5,142,3.4
LVE00,76,LVE00_Ts,177,4.3,122,2.9,55,1.3
LVE00,63,LVE00_PrCO,174,4.2,95,2.3,79,1.9
LVE00,66,LVE00_TAa,163,3.9,109,2.6,54,1.3
LVE00,36,LVE00_7op,130,3.1,66,1.6,64,1.5
LVE00,48,LVE00_IPa,117,2.8,84,2,33,0.8
LVE00,65,LVE00_S2,95,2.3,50,1.2,45,1.1
LVE00,34,LVE00_7a,87,2.1,25,0.6,62,1.5
LVE00,10,LVE00_2,75,1.8,31,0.7,44,1.1
LVE00,5,LVE00_12,68,1.6,30,0.7,38,0.9
LVE00,33,LVE00_6Vb,67,1.6,34,0.8,33,0.8
LVE00,83,LVE00_V4,67,1.6,29,0.7,38,0.9
LVE00,75,LVE00_Tpt,65,1.6,38,0.9,27,0.7
LVE00,35,LVE00_7b,62,1.5,28,0.7,34,0.8
LVE00,21,LVE00_45,57,1.4,33,0.8,24,0.6
LVE00,80,LVE00_V2v,56,1.4,16,0.4,40,1
LVE00,32,LVE00_6Vam,50,1.2,17,0.4,33,0.8
LVE00,70,LVE00_TEa_m,50,1.2,30,0.7,20,0.5
LVE00,59,LVE00_PA,49,1.2,25,0.6,24,0.6
LVE00,11,LVE00_23,48,1.2,23,0.6,25,0.6
LVE00,0,,47,1.1,13,0.3,34,0.8
LVE00,19,LVE00_3b,45,1.1,16,0.4,29,0.7
LVE00,22,LVE00_46p,42,1,13,0.3,29,0.7
LVE00,1,LVE00_1,40,1,16,0.4,24,0.6
LVE00,38,LVE00_8Ac,38,0.9,19,0.5,19,0.5
LVE00,62,LVE00_Pi,38,0.9,30,0.7,8,0.2
LVE00,41,LVE00_9,37,0.9,3,0.1,34,0.8
LVE00,58,LVE00_MT,36,0.9,25,0.6,11,0.3
LVE00,30,LVE00_6M,33,0.8,10,0.2,23,0.6
LVE00,56,LVE00_MSTdp,33,0.8,13,0.3,20,0.5
LVE00,64,LVE00_Ri,32,0.8,17,0.4,15,0.4
LVE00,42,LVE00_A1,31,0.7,19,0.5,12,0.3
LVE00,84,LVE00_V4ta,31,0.7,15,0.4,16,0.4
LVE00,31,LVE00_6Val,30,0.7,16,0.4,14,0.3
LVE00,79,LVE00_V2d,29,0.7,9,0.2,20,0.5
LVE00,6,LVE00_13a_b,25,0.6,15,0.4,10,0.2
LVE00,55,LVE00_MSTda,24,0.6,15,0.4,9,0.2
LVE00,13,LVE00_24d,23,0.6,3,0.1,20,0.5
LVE00,25,LVE00_5D,23,0.6,12,0.3,11,0.3
LVE00,68,LVE00_TE1_3d,21,0.5,14,0.3,7,0.2
LVE00,7,LVE00_13l,18,0.4,10,0.2,8,0.2
LVE00,43,LVE00_AIP,17,0.4,7,0.2,10,0.2
LVE00,46,LVE00_FST,17,0.4,9,0.2,8,0.2
LVE00,53,LVE00_MDP,17,0.4,7,0.2,10,0.2
LVE00,28,LVE00_6DR,16,0.4,3,0.1,13,0.3
LVE00,81,LVE00_V3,16,0.4,6,0.1,10,0.2
LVE00,23,LVE00_46v,15,0.4,6,0.1,9,0.2
LVE00,29,LVE00_6Ds,14,0.3,5,0.1,9,0.2
LVE00,3,LVE00_11l,13,0.3,10,0.2,3,0.1
LVE00,20,LVE00_4,13,0.3,0,0,13,0.3
LVE00,17,LVE00_36,11,0.3,10,0.2,1,0
LVE00,27,LVE00_6DC,11,0.3,2,0,9,0.2
LVE00,40,LVE00_8As,11,0.3,1,0,10,0.2
LVE00,16,LVE00_35,10,0.2,8,0.2,2,0
LVE00,71,LVE00_TF,10,0.2,6,0.1,4,0.1
LVE00,82,LVE00_V3A,10,0.2,1,0,9,0.2
LVE00,89,LVE00_VP,10,0.2,3,0.1,7,0.2
LVE00,9,LVE00_14r,9,0.2,3,0.1,6,0.1
LVE00,12,LVE00_24ab,9,0.2,2,0,7,0.2
LVE00,69,LVE00_TE1_3v,9,0.2,7,0.2,2,0
LVE00,4,LVE00_11m,7,0.2,4,0.1,3,0.1
LVE00,39,LVE00_8Am,7,0.2,1,0,6,0.1
LVE00,50,LVE00_LIPd,7,0.2,4,0.1,3,0.1
LVE00,86,LVE00_VIPl,7,0.2,1,0,6,0.1
LVE00,26,LVE00_5V,6,0.1,1,0,5,0.1
LVE00,88,LVE00_VOT,5,0.1,1,0,4,0.1
LVE00,52,LVE00_LOP,4,0.1,0,0,4,0.1
LVE00,18,LVE00_3a,3,0.1,0,0,3,0.1
LVE00,54,LVE00_MIP,2,0,0,0,2,0
LVE00,60,LVE00_PIP,2,0,1,0,1,0
LVE00,67,LVE00_TE1_3,2,0,0,0,2,0
LVE00,78,LVE00_V1,2,0,0,0,2,0
LVE00,2,LVE00_10m,1,0,1,0,0,0
LVE00,14,LVE00_31,1,0,0,0,1,0
LVE00,15,LVE00_32,1,0,0,0,1,0
LVE00,51,LVE00_LIPv,1,0,0,0,1,0
LVE00,61,LVE00_PO,1,0,1,0,0,0
LVE00,8,LVE00_13m,0,0,0,0,0,0
LVE00,24,LVE00_4C,0,0,0,0,0,0
LVE00,37,LVE00_7t,0,0,0,0,0,0
LVE00,44,LVE00_DP,0,0,0,0,0,0
LVE00,45,LVE00_ER,0,0,0,0,0,0
LVE00,47,LVE00_G,0,0,0,0,0,0
LVE00,49,LVE00_Ig_Id,0,0,0,0,0,0
LVE00,57,LVE00_MSTm,0,0,0,0,0,0
LVE00,73,LVE00_TPOi,0,0,0,0,0,0
LVE00,74,LVE00_TPOr,0,0,0,0,0,0
LVE00,85,LVE00_V4tp,0,0,0,0,0,0
LVE00,87,LVE00_VIPm,0,0,0,0,0,0
PHT00,156,PHT00_TPO,382,9.2,237,5.7,145,3.5
PHT00,108,PHT00_PGOp,195,4.7,87,2.1,108,2.6
PHT00,139,PHT00_TAa,177,4.3,113,2.7,64,1.5
PHT00,53,PHT00_6VR_F5_,142,3.4,79,1.9,63,1.5
PHT00,138,PHT00_ST3,115,2.8,74,1.8,41,1
PHT00,95,PHT00_MT_V5_,111,2.7,66,1.6,45,1.1
PHT00,116,PHT00_PaAL,108,2.6,70,1.7,38,0.9
PHT00,163,PHT00_V2,98,2.4,31,0.7,67,1.6
PHT00,160,PHT00_TPt,96,2.3,53,1.3,43,1
PHT00,136,PHT00_ST2G,90,2.2,57,1.4,33,0.8
PHT00,45,PHT00_47_12_L,87,2.1,48,1.2,39,0.9
PHT00,15,PHT00_2,84,2,34,0.8,50,1.2
PHT00,154,PHT00_TLR_36R_,81,2,57,1.4,24,0.6
PHT00,0,,79,1.9,51,1.2,28,0.7
PHT00,32,PHT00_2_1,68,1.6,34,0.8,34,0.8
PHT00,109,PHT00_PGa,66,1.6,44,1.1,22,0.5
PHT00,118,PHT00_PaIM,66,1.6,39,0.9,27,0.7
PHT00,56,PHT00_8AD,63,1.5,26,0.6,37,0.9
PHT00,125,PHT00_ProM,63,1.5,39,0.9,24,0.6
PHT00,115,PHT00_PaAC,57,1.4,30,0.7,27,0.7
PHT00,159,PHT00_TPPro,57,1.4,31,0.7,26,0.6
PHT00,88,PHT00_FST,54,1.3,30,0.7,24,0.6
PHT00,133,PHT00_S2E,54,1.3,23,0.6,31,0.7
PHT00,46,PHT00_47_12_O,51,1.2,33,0.8,18,0.4
PHT00,106,PHT00_PG,49,1.2,15,0.4,34,0.8
PHT00,86,PHT00_EOI,48,1.2,32,0.8,16,0.4
PHT00,135,PHT00_ST1,44,1.1,40,1,4,0.1
PHT00,169,PHT00_V4D,44,1.1,19,0.5,25,0.6
PHT00,39,PHT00_44,43,1,14,0.3,29,0.7
PHT00,6,PHT00_11,39,0.9,24,0.6,15,0.4
PHT00,124,PHT00_ProKM,39,0.9,30,0.7,9,0.2
PHT00,38,PHT00_3b,38,0.9,16,0.4,22,0.5
PHT00,91,PHT00_IPa,38,0.9,34,0.8,4,0.1
PHT00,1,PHT00_1,37,0.9,13,0.3,24,0.6
PHT00,41,PHT00_45B,37,0.9,20,0.5,17,0.4
PHT00,37,PHT00_3a,36,0.9,21,0.5,15,0.4
PHT00,51,PHT00_6M,36,0.9,6,0.1,30,0.7
PHT00,162,PHT00_V1,34,0.8,6,0.1,28,0.7
PHT00,87,PHT00_ER,32,0.8,27,0.7,5,0.1
PHT00,166,PHT00_V3V,32,0.8,16,0.4,16,0.4
PHT00,171,PHT00_V4V,32,0.8,11,0.3,21,0.5
PHT00,107,PHT00_PGM,31,0.7,10,0.2,21,0.5
PHT00,19,PHT00_23c,28,0.7,15,0.4,13,0.3
PHT00,50,PHT00_6DR_F7_,28,0.7,10,0.2,18,0.4
PHT00,60,PHT00_9L,26,0.6,2,0,24,0.6
PHT00,70,PHT00_AKM,26,0.6,17,0.4,9,0.2
PHT00,137,PHT00_ST2S,24,0.6,16,0.4,8,0.2
PHT00,57,PHT00_8AV,22,0.5,11,0.3,11,0.3
PHT00,123,PHT00_ProKL,22,0.5,8,0.2,14,0.3
PHT00,69,PHT00_AKL,21,0.5,13,0.3,8,0.2
PHT00,52,PHT00_6VC_F4_,20,0.5,13,0.3,7,0.2
PHT00,58,PHT00_8B,20,0.5,3,0.1,17,0.4
PHT00,117,PHT00_PaAR,20,0.5,10,0.2,10,0.2
PHT00,145,PHT00_TEOM,20,0.5,9,0.2,11,0.3
PHT00,40,PHT00_45A,19,0.5,6,0.1,13,0.3
PHT00,42,PHT00_46D,19,0.5,7,0.2,12,0.3
PHT00,47,PHT00_4_F1_,19,0.5,0,0,19,0.5
PHT00,98,PHT00_OPro,19,0.5,11,0.3,8,0.2
PHT00,165,PHT00_V3D,19,0.5,6,0.1,13,0.3
PHT00,54,PHT00_6_32,18,0.4,2,0,16,0.4
PHT00,143,PHT00_TEM,18,0.4,11,0.3,7,0.2
PHT00,158,PHT00_TPPAI,18,0.4,10,0.2,8,0.2
PHT00,43,PHT00_46V,17,0.4,8,0.2,9,0.2
PHT00,44,PHT00_47_12_,17,0.4,9,0.2,8,0.2
PHT00,102,PHT00_PEa,17,0.4,5,0.1,12,0.3
PHT00,142,PHT00_TE3,17,0.4,10,0.2,7,0.2
PHT00,105,PHT00_PFOp,16,0.4,10,0.2,6,0.1
PHT00,164,PHT00_V3A,16,0.4,6,0.1,10,0.2
PHT00,85,PHT00_ELR,15,0.4,11,0.3,4,0.1
PHT00,94,PHT00_MST,15,0.4,9,0.2,6,0.1
PHT00,101,PHT00_PECg,15,0.4,9,0.2,6,0.1
PHT00,112,PHT00_POaE,15,0.4,8,0.2,7,0.2
PHT00,18,PHT00_23b,14,0.3,8,0.2,6,0.1
PHT00,55,PHT00_8A,14,0.3,6,0.1,8,0.2
PHT00,61,PHT00_9M,13,0.3,1,0,12,0.3
PHT00,63,PHT00_9_46,13,0.3,4,0.1,9,0.2
PHT00,84,PHT00_ELC,13,0.3,12,0.3,1,0
PHT00,36,PHT00_35,12,0.3,9,0.2,3,0.1
PHT00,48,PHT00_6DC_F2_,12,0.3,2,0,10,0.2
PHT00,103,PHT00_PFCx,12,0.3,9,0.2,3,0.1
PHT00,146,PHT00_TEa,12,0.3,8,0.2,4,0.1
PHT00,140,PHT00_TE1,11,0.3,9,0.2,2,0
PHT00,152,PHT00_THO,11,0.3,9,0.2,2,0
PHT00,11,PHT00_13M,10,0.2,6,0.1,4,0.1
PHT00,27,PHT00_25,10,0.2,6,0.1,4,0.1
PHT00,71,PHT00_APir,10,0.2,3,0.1,7,0.2
PHT00,90,PHT00_Gu,10,0.2,6,0.1,4,0.1
PHT00,141,PHT00_TE2,10,0.2,7,0.2,3,0.1
PHT00,144,PHT00_TEO,9,0.2,2,0,7,0.2
PHT00,157,PHT00_TPOC,9,0.2,4,0.1,5,0.1
PHT00,12,PHT00_13a,8,0.2,4,0.1,4,0.1
PHT00,14,PHT00_14O,8,0.2,3,0.1,5,0.1
PHT00,24,PHT00_24b,8,0.2,0,0,8,0.2
PHT00,100,PHT00_PEC,8,0.2,4,0.1,4,0.1
PHT00,114,PHT00_PPt,8,0.2,3,0.1,5,0.1
PHT00,121,PHT00_PrS,8,0.2,7,0.2,1,0
PHT00,3,PHT00_10D,7,0.2,0,0,7,0.2
PHT00,30,PHT00_29d,7,0.2,4,0.1,3,0.1
PHT00,81,PHT00_EC,7,0.2,5,0.1,2,0
PHT00,129,PHT00_ReIP,7,0.2,4,0.1,3,0.1
PHT00,23,PHT00_24a,6,0.1,1,0,5,0.1
PHT00,25,PHT00_24c,6,0.1,2,0,4,0.1
PHT00,62,PHT00_9_32,6,0.1,0,0,6,0.1
PHT00,65,PHT00_9_46V,6,0.1,3,0.1,3,0.1
PHT00,92,PHT00_IPro,6,0.1,6,0.1,0,0
PHT00,113,PHT00_POaI,6,0.1,0,0,6,0.1
PHT00,80,PHT00_DPt,5,0.1,2,0,3,0.1
PHT00,104,PHT00_PFG,5,0.1,3,0.1,2,0
PHT00,111,PHT00_POa,5,0.1,1,0,4,0.1
PHT00,119,PHT00_PaS,5,0.1,5,0.1,0,0
PHT00,132,PHT00_S2,5,0.1,2,0,3,0.1
PHT00,7,PHT00_11L,4,0.1,2,0,2,0
PHT00,9,PHT00_13,4,0.1,0,0,4,0.1
PHT00,10,PHT00_13L,4,0.1,4,0.1,0,0
PHT00,13,PHT00_14M,4,0.1,1,0,3,0.1
PHT00,17,PHT00_23a,4,0.1,3,0.1,1,0
PHT00,83,PHT00_EI,4,0.1,4,0.1,0,0
PHT00,99,PHT00_PE,4,0.1,0,0,4,0.1
PHT00,168,PHT00_V4A,4,0.1,0,0,4,0.1
PHT00,8,PHT00_11M,3,0.1,2,0,1,0
PHT00,33,PHT00_30,3,0.1,2,0,1,0
PHT00,34,PHT00_31,3,0.1,0,0,3,0.1
PHT00,64,PHT00_9_46D,3,0.1,0,0,3,0.1
PHT00,79,PHT00_DIP,3,0.1,0,0,3,0.1
PHT00,82,PHT00_ECL,3,0.1,3,0.1,0,0
PHT00,128,PHT00_ReI,3,0.1,1,0,2,0
PHT00,4,PHT00_10M,2,0,0,0,2,0
PHT00,21,PHT00_24_23b,2,0,0,0,2,0
PHT00,29,PHT00_29a-c,2,0,1,0,1,0
PHT00,31,PHT00_2Ve,2,0,1,0,1,0
PHT00,59,PHT00_8_32,2,0,0,0,2,0
PHT00,120,PHT00_Pir,2,0,1,0,1,0
PHT00,150,PHT00_TFO,2,0,1,0,1,0
PHT00,170,PHT00_V4T,2,0,1,0,1,0
PHT00,2,PHT00_10,1,0,0,0,1,0
PHT00,5,PHT00_10V,1,0,0,0,1,0
PHT00,16,PHT00_23,1,0,0,0,1,0
PHT00,26,PHT00_24d,1,0,0,0,1,0
PHT00,28,PHT00_29a,1,0,0,0,1,0
PHT00,35,PHT00_32,1,0,0,0,1,0
PHT00,68,PHT00_AI,1,0,1,0,0,0
PHT00,127,PHT00_ProSt,1,0,0,0,1,0
PHT00,147,PHT00_TF,1,0,1,0,0,0
PHT00,148,PHT00_TFL,1,0,1,0,0,0
PHT00,151,PHT00_TH,1,0,1,0,0,0
PHT00,172,PHT00_VACo,1,0,0,0,1,0
PHT00,20,PHT00_24_23a,0,0,0,0,0,0
PHT00,22,PHT00_24_23c,0,0,0,0,0,0
PHT00,49,PHT00_6DR,0,0,0,0,0,0
PHT00,66,PHT00_AHiMC,0,0,0,0,0,0
PHT00,67,PHT00_AHiPC,0,0,0,0,0,0
PHT00,72,PHT00_BAOT,0,0,0,0,0,0
PHT00,73,PHT00_CA1,0,0,0,0,0,0
PHT00,74,PHT00_CA1_,0,0,0,0,0,0
PHT00,75,PHT00_CA2,0,0,0,0,0,0
PHT00,76,PHT00_CA3,0,0,0,0,0,0
PHT00,77,PHT00_CA4,0,0,0,0,0,0
PHT00,78,PHT00_DI,0,0,0,0,0,0
PHT00,89,PHT00_GI,0,0,0,0,0,0
PHT00,93,PHT00_JxSt,0,0,0,0,0,0
PHT00,96,PHT00_OPAI,0,0,0,0,0,0
PHT00,97,PHT00_OPT,0,0,0,0,0,0
PHT00,110,PHT00_PO,0,0,0,0,0,0
PHT00,122,PHT00_ProK,0,0,0,0,0,0
PHT00,126,PHT00_ProS,0,0,0,0,0,0
PHT00,130,PHT00_ReIT,0,0,0,0,0,0
PHT00,131,PHT00_S,0,0,0,0,0,0
PHT00,134,PHT00_S2I,0,0,0,0,0,0
PHT00,149,PHT00_TFM,0,0,0,0,0,0
PHT00,153,PHT00_TLO_36O_,0,0,0,0,0,0
PHT00,155,PHT00_TL_36_,0,0,0,0,0,0
PHT00,161,PHT00_TT,0,0,0,0,0,0
PHT00,167,PHT00_V4,0,0,0,0,0,0
PHT00,173,PHT00_VCo,0,0,0,0,0,0
PHT00,174,PHT00_VCoIn,0,0,0,0,0,0
PHT00,175,PHT00_VCoSu,0,0,0,0,0,0
PHT00,176,PHT00_VDB,0,0,0,0,0,0
PHT00,177,PHT00_X_,0,0,0,0,0,0
PHT00,178,PHT00_X_2,0,0,0,0,0,0
PHT00,179,PHT00_X_3,0,0,0,0,0,0
Brodmann,15,Brodmann_22,1436,34.7,925,22.3,511,12.3
Brodmann,25,Brodmann_6,396,9.6,204,4.9,192,4.6
Brodmann,11,Brodmann_19,285,6.9,137,3.3,148,3.6
Brodmann,1,Brodmann_1,267,6.4,138,3.3,129,3.1
Brodmann,0,,244,5.9,135,3.3,109,2.6
Brodmann,28,Brodmann_9,194,4.7,58,1.4,136,3.3
Brodmann,5,Brodmann_13,148,3.6,101,2.4,47,1.1
Brodmann,22,Brodmann_3,146,3.5,52,1.3,94,2.3
Brodmann,10,Brodmann_18,143,3.5,54,1.3,89,2.1
Brodmann,12,Brodmann_2,133,3.2,69,1.7,64,1.5
Brodmann,26,Brodmann_7,126,3,41,1,85,2.1
Brodmann,14,Brodmann_21,116,2.8,82,2,34,0.8
Brodmann,23,Brodmann_4,94,2.3,33,0.8,61,1.5
Brodmann,19,Brodmann_26,53,1.3,25,0.6,28,0.7
Brodmann,17,Brodmann_24,52,1.3,16,0.4,36,0.9
Brodmann,27,Brodmann_8,49,1.2,31,0.7,18,0.4
Brodmann,18,Brodmann_25,43,1,7,0.2,36,0.9
Brodmann,9,Brodmann_17,41,1,7,0.2,34,0.8
Brodmann,13,Brodmann_20,36,0.9,18,0.4,18,0.4
Brodmann,7,Brodmann_15,29,0.7,12,0.3,17,0.4
Brodmann,24,Brodmann_5,24,0.6,10,0.2,14,0.3
Brodmann,2,Brodmann_10,18,0.4,9,0.2,9,0.2
Brodmann,8,Brodmann_16,16,0.4,8,0.2,8,0.2
Brodmann,16,Brodmann_23,16,0.4,11,0.3,5,0.1
Brodmann,6,Brodmann_14,15,0.4,6,0.1,9,0.2
Brodmann,21,Brodmann_28,10,0.2,10,0.2,0,0
Brodmann,4,Brodmann_12,7,0.2,2,0,5,0.1
Brodmann,20,Brodmann_27,4,0.1,4,0.1,0,0
Brodmann,3,Brodmann_11,1,0,1,0,0,0
BoninBailey,20,BoninBailey_TA,1497,36.1,934,22.5,563,13.6
BoninBailey,3,BoninBailey_FC,396,9.6,214,5.2,182,4.4
BoninBailey,0,,332,8,216,5.2,116,2.8
BoninBailey,8,BoninBailey_LA,295,7.1,103,2.5,192,4.6
BoninBailey,19,BoninBailey_PG,264,6.4,112,2.7,152,3.7
BoninBailey,16,BoninBailey_PC,250,6,110,2.7,140,3.4
BoninBailey,23,BoninBailey_TE,215,5.2,118,2.8,97,2.3
BoninBailey,25,BoninBailey_TG,126,3,101,2.4,25,0.6
BoninBailey,11,BoninBailey_OA,116,2.8,47,1.1,69,1.7
BoninBailey,2,BoninBailey_FB,115,2.8,34,0.8,81,2
BoninBailey,1,BoninBailey_FA,98,2.4,34,0.8,64,1.5
BoninBailey,12,BoninBailey_OB,92,2.2,28,0.7,64,1.5
BoninBailey,18,BoninBailey_PF,83,2,43,1,40,1
BoninBailey,17,BoninBailey_PE,75,1.8,29,0.7,46,1.1
BoninBailey,13,BoninBailey_OC,49,1.2,9,0.2,40,1
BoninBailey,5,BoninBailey_FL,35,0.8,19,0.5,16,0.4
BoninBailey,9,BoninBailey_LC,32,0.8,17,0.4,15,0.4
BoninBailey,24,BoninBailey_TF,26,0.6,15,0.4,11,0.3
BoninBailey,4,BoninBailey_FF,18,0.4,7,0.2,11,0.3
BoninBailey,10,BoninBailey_LE,15,0.4,10,0.2,5,0.1
BoninBailey,26,BoninBailey_TH,6,0.1,4,0.1,2,0
BoninBailey,7,BoninBailey_IB,3,0.1,0,0,3,0.1
BoninBailey,15,BoninBailey_PB,2,0,0,0,2,0
BoninBailey,21,BoninBailey_TB,2,0,2,0,0,0
BoninBailey,6,BoninBailey_IA,0,0,0,0,0,0
BoninBailey,14,BoninBailey_PA,0,0,0,0,0,0
BoninBailey,22,BoninBailey_TC,0,0,0,0,0,0
FerryEtAl,0,,3867,93.4,2055,49.6,1812,43.7
FerryEtAl,5,FerryEtAl_00_12l,79,1.9,43,1,36,0.9
FerryEtAl,3,FerryEtAl_00_11l,59,1.4,37,0.9,22,0.5
FerryEtAl,8,FerryEtAl_00_12r,49,1.2,31,0.7,18,0.4
FerryEtAl,2,FerryEtAl_00_10o,22,0.5,12,0.3,10,0.2
FerryEtAl,6,FerryEtAl_00_12m,19,0.5,9,0.2,10,0.2
FerryEtAl,14,FerryEtAl_00_14r,16,0.4,6,0.1,10,0.2
FerryEtAl,7,FerryEtAl_00_12o,11,0.3,7,0.2,4,0.1
FerryEtAl,1,FerryEtAl_00_10m,4,0.1,1,0,3,0.1
FerryEtAl,10,FerryEtAl_00_13b,4,0.1,2,0,2,0
FerryEtAl,17,FerryEtAl_00_24c,4,0.1,0,0,4,0.1
FerryEtAl,11,FerryEtAl_00_13l,2,0,1,0,1,0
FerryEtAl,12,FerryEtAl_00_13m,2,0,2,0,0,0
FerryEtAl,15,FerryEtAl_00_24a,2,0,0,0,2,0
FerryEtAl,16,FerryEtAl_00_24b,1,0,0,0,1,0
FerryEtAl,20,FerryEtAl_00_Iai,1,0,0,0,1,0
FerryEtAl,4,FerryEtAl_00_11m,0,0,0,0,0,0
FerryEtAl,9,FerryEtAl_00_13a,0,0,0,0,0,0
FerryEtAl,13,FerryEtAl_00_14c,0,0,0,0,0,0
FerryEtAl,18,FerryEtAl_00_25,0,0,0,0,0,0
FerryEtAl,19,FerryEtAl_00_32,0,0,0,0,0,0
FerryEtAl,21,FerryEtAl_00_Ial,0,0,0,0,0,0
FerryEtAl,22,FerryEtAl_00_Iam,0,0,0,0,0,0
UD86,0,,3564,86,1926,46.5,1638,39.5
UD86,5,UD86_TEO,181,4.4,115,2.8,66,1.6
UD86,15,UD86_V4,127,3.1,55,1.3,72,1.7
UD86,11,UD86_V2,74,1.8,22,0.5,52,1.3
UD86,10,UD86_V1,38,0.9,7,0.2,31,0.7
UD86,3,UD86_MT,35,0.8,20,0.5,15,0.4
UD86,2,UD86_MST,30,0.7,14,0.3,16,0.4
UD86,1,UD86_FST,27,0.7,17,0.4,10,0.2
UD86,9,UD86_TF,24,0.6,18,0.4,6,0.1
UD86,13,UD86_V3d,22,0.5,4,0.1,18,0.4
UD86,4,UD86_PO,20,0.5,8,0.2,12,0.3
UD86,6,UD86_TEc,0,0,0,0,0,0
UD86,7,UD86_TEm,0,0,0,0,0,0
UD86,8,UD86_TEr,0,0,0,0,0,0
UD86,12,UD86_V3A,0,0,0,0,0,0
UD86,14,UD86_V3v,0,0,0,0,0,0
UD86,16,UD86_V4t,0,0,0,0,0,0
UD86,17,UD86_VIP,0,0,0,0,0,0
PGR91,0,,3387,81.8,1867,45.1,1520,36.7
PGR91,16,PGR91_46v,160,3.9,61,1.5,99,2.4
PGR91,18,PGR91_6D,77,1.9,40,1,37,0.9
PGR91,23,PGR91_6Vb,58,1.4,39,0.9,19,0.5
PGR91,42,PGR91_PrCO,54,1.3,36,0.9,18,0.4
PGR91,5,PGR91_13L,43,1,29,0.7,14,0.3
PGR91,2,PGR91_11,35,0.8,19,0.5,16,0.4
PGR91,31,PGR91_9d,31,0.7,4,0.1,27,0.7
PGR91,19,PGR91_6Ds,29,0.7,12,0.3,17,0.4
PGR91,22,PGR91_6Va,25,0.6,9,0.2,16,0.4
PGR91,32,PGR91_9m,25,0.6,1,0,24,0.6
PGR91,28,PGR91_8Ar,24,0.6,11,0.3,13,0.3
PGR91,39,PGR91_OFO,24,0.6,14,0.3,10,0.2
PGR91,1,PGR91_10,20,0.5,7,0.2,13,0.3
PGR91,3,PGR91_12orb,20,0.5,15,0.4,5,0.1
PGR91,14,PGR91_46dr,19,0.5,9,0.2,10,0.2
PGR91,15,PGR91_46r,14,0.3,6,0.1,8,0.2
PGR91,20,PGR91_6M,14,0.3,3,0.1,11,0.3
PGR91,6,PGR91_13M,13,0.3,9,0.2,4,0.1
PGR91,30,PGR91_8Bm,11,0.3,3,0.1,8,0.2
PGR91,4,PGR91_12vl,8,0.2,1,0,7,0.2
PGR91,8,PGR91_14M,7,0.2,2,0,5,0.1
PGR91,41,PGR91_Para,7,0.2,0,0,7,0.2
PGR91,7,PGR91_14A,6,0.1,2,0,4,0.1
PGR91,27,PGR91_8Ac,6,0.1,2,0,4,0.1
PGR91,11,PGR91_24,4,0.1,1,0,3,0.1
PGR91,12,PGR91_45,4,0.1,0,0,4,0.1
PGR91,13,PGR91_46d,4,0.1,0,0,4,0.1
PGR91,10,PGR91_14VL,3,0.1,1,0,2,0
PGR91,29,PGR91_8Bd,3,0.1,0,0,3,0.1
PGR91,9,PGR91_14V,2,0,2,0,0,0
PGR91,17,PGR91_46vr,2,0,1,0,1,0
PGR91,34,PGR91_IG,2,0,0,0,2,0
PGR91,33,PGR91_FPC,1,0,0,0,1,0
PGR91,21,PGR91_6V,0,0,0,0,0,0
PGR91,24,PGR91_7al,0,0,0,0,0,0
PGR91,25,PGR91_7am,0,0,0,0,0,0
PGR91,26,PGR91_7b,0,0,0,0,0,0
PGR91,35,PGR91_IL,0,0,0,0,0,0
PGR91,36,PGR91_LIP,0,0,0,0,0,0
PGR91,37,PGR91_MFc,0,0,0,0,0,0
PGR91,38,PGR91_MFr,0,0,0,0,0,0
PGR91,40,PGR91_PL,0,0,0,0,0,0
PGR91,43,PGR91_VIP,0,0,0,0,0,0
LANDMARK,0,,3831,92.5,2091,50.5,1740,42
LANDMARK,11,LANDMARK_LVE00_V2v,56,1.4,16,0.4,40,1
LANDMARK,3,LANDMARK_LVE00_3b,45,1.1,16,0.4,29,0.7
LANDMARK,9,LANDMARK_LVE00_V1,41,1,9,0.2,32,0.8
LANDMARK,5,LANDMARK_LVE00_8Ac,38,0.9,19,0.5,19,0.5
LANDMARK,12,LANDMARK_MT,34,0.8,23,0.6,11,0.3
LANDMARK,7,LANDMARK_LVE00_A1,31,0.7,19,0.5,12,0.3
LANDMARK,10,LANDMARK_LVE00_V2d,29,0.7,8,0.2,21,0.5
LANDMARK,6,LANDMARK_LVE00_8As,16,0.4,2,0,14,0.3
LANDMARK,4,LANDMARK_LVE00_4,13,0.3,0,0,13,0.3
LANDMARK,2,LANDMARK_LVE00_3a,3,0.1,0,0,3,0.1
LANDMARK,15,LANDMARK_OrbitoFrontal_13b,3,0.1,1,0,2,0
LANDMARK,1,LANDMARK_Hippocampus,1,0,1,0,0,0
LANDMARK,21,LANDMARK_OrbitoFrontal_Iai,1,0,1,0,0,0
LANDMARK,8,LANDMARK_LVE00_G,0,0,0,0,0,0
LANDMARK,13,LANDMARK_OrbitoFrontal_11l,0,0,0,0,0,0
LANDMARK,14,LANDMARK_OrbitoFrontal_11m,0,0,0,0,0,0
LANDMARK,16,LANDMARK_OrbitoFrontal_13l,0,0,0,0,0,0
LANDMARK,17,LANDMARK_OrbitoFrontal_13m,0,0,0,0,0,0
LANDMARK,18,LANDMARK_OrbitoFrontal_14c,0,0,0,0,0,0
LANDMARK,19,LANDMARK_OrbitoFrontal_25,0,0,0,0,0,0
LANDMARK,20,LANDMARK_OrbitoFrontal_32,0,0,0,0,0,0
LANDMARK,22,LANDMARK_OrbitoFrontal_Ial,0,0,0,0,0,0
LANDMARK,23,LANDMARK_OrbitoFrontal_Iam,0,0,0,0,0,0
LANDMARK,24,LANDMARK_V1d,0,0,0,0,0,0
LANDMARK,25,LANDMARK_V1v,0,0,0,0,0,0
LANDMARK,26,LANDMARK_V2d,0,0,0,0,0,0
LANDMARK,27,LANDMARK_V2v,0,0,0,0,0,0
LyonKaas,0,,3925,94.8,2136,51.6,1789,43.2
LyonKaas,4,LyonKaas02_V1,43,1,7,0.2,36,0.9
LyonKaas,6,LyonKaas02_V2v,42,1,13,0.3,29,0.7
LyonKaas,5,LyonKaas02_V2d,25,0.6,7,0.2,18,0.4
LyonKaas,3,LyonKaas02_PIP,24,0.6,7,0.2,17,0.4
LyonKaas,1,LyonKaas02_MT,21,0.5,14,0.3,7,0.2
LyonKaas,10,LyonKaas02_V4d,19,0.5,7,0.2,12,0.3
LyonKaas,8,LyonKaas02_V3d,18,0.4,7,0.2,11,0.3
LyonKaas,2,LyonKaas02_MTc,13,0.3,6,0.1,7,0.2
LyonKaas,9,LyonKaas02_V3v,7,0.2,0,0,7,0.2
LyonKaas,11,LyonKaas02_V4v,5,0.1,2,0,3,0.1
LyonKaas,7,LyonKaas02_V3a,0,0,0,0,0,0
BRL87,0,,3578,86.4,1853,44.7,1725,41.6
BRL87,1,BRL87_IPa,473,11.4,292,7,181,4.4
BRL87,4,BRL87_TE1,91,2.2,61,1.5,30,0.7
BRL87,2,BRL87_PGa,0,0,0,0,0,0
BRL87,3,BRL87_TAa,0,0,0,0,0,0
BRL87,5,BRL87_TE2,0,0,0,0,0,0
BRL87,6,BRL87_TE3,0,0,0,0,0,0
BRL87,7,BRL87_TEa,0,0,0,0,0,0
BRL87,8,BRL87_TEm,0,0,0,0,0,0
BRL87,9,BRL87_TPO,0,0,0,0,0,0
SP78,0,,3450,83.3,1791,43.2,1659,40.1
SP78,4,SP78_IPa,500,12.1,301,7.3,199,4.8
SP78,8,SP78_TE1,85,2.1,63,1.5,22,0.5
SP78,5,SP78_OAa,67,1.6,37,0.9,30,0.7
SP78,14,SP80_86_IPd,25,0.6,7,0.2,18,0.4
SP78,2,Galetti_EtAl_99_V6,9,0.2,6,0.1,3,0.1
SP78,1,Galetti_EtAl_99_V3,6,0.1,1,0,5,0.1
SP78,3,Galetti_EtAl_99_V6A,0,0,0,0,0,0
SP78,6,SP78_PGa,0,0,0,0,0,0
SP78,7,SP78_TAa,0,0,0,0,0,0
SP78,9,SP78_TE2,0,0,0,0,0,0
SP78,10,SP78_TE3,0,0,0,0,0,0
SP78,11,SP78_TEa,0,0,0,0,0,0
SP78,12,SP78_TEm,0,0,0,0,0,0
SP78,13,SP78_TPO,0,0,0,0,0,0
SP78,15,SP80_86_POae,0,0,0,0,0,0
SP78,16,SP80_86_POai,0,0,0,0,0,0
